'id','name','start_x','end_x','start_y','end_y','monster_amount','drop_rate','unique_rate','underwater','makable','teleportable','escapable','resurrection','painwand','penalty','take_pets','recall_pets','usable_item','usable_skill'
'0','말하는 섬','32256','32767','32768','33279','1','1','1','0','1','1','1','1','1','1','1','1','1','1'
'1','말하는 섬 던전 1층','32576','32831','32704','32959','1','1','1','0','0','1','1','1','1','1','1','1','1','1'
'2','말하는 섬 던전 2층','32576','32895','32704','32959','1','1','1','0','0','0','1','1','1','1','1','1','1','1'
'3','군터의 집','32576','32831','32704','32959','1','1','1','0','0','1','1','1','1','1','1','1','1','1'
'4','Orcish Forest','32448','34303','32064','33599','1','1','1','0','1','1','1','1','1','1','1','1','1','1'
'5','글루딘행 배','32704','32767','32768','32831','1','1','1','0','0','0','1','1','0','1','1','1','1','1'
'6','말하는 섬행 배','32704','32831','32768','32831','1','1','1','0','0','0','1','1','0','1','1','1','1','1'
'7','글루딘 본토 던젼 1층','32640','32895','32640','32895','1','1','1','0','0','1','1','1','1','1','1','1','1','1'
'8','글루딘 본토 던젼 2층','32640','32895','32640','32895','1','1','1','0','0','1','1','1','1','1','1','1','1','1'
'9','글루딘 본토 던젼 3층','32640','32895','32640','32895','1','1','1','0','0','1','1','1','1','1','1','1','1','1'
'10','글루딘 본토 던젼 4층','32640','32831','32640','32895','1','1','1','0','0','1','1','1','1','1','1','1','1','1'
'11','글루딘 본토 던젼 5층','32640','32895','32640','32895','1','1','1','0','0','1','1','1','1','1','1','1','1','1'
'12','글루딘 본토 던젼 6층','32640','32895','32640','32895','1','1','1','0','0','1','1','1','1','1','1','1','1','1'
'13','글루딘 본토 던젼 7층','32640','32895','32640','32895','1','1','1','0','0','1','1','1','1','1','1','1','1','1'
'14','지하 통로','32512','33023','32704','32895','1','1','1','0','0','1','1','1','1','1','1','1','1','1'
'15','켄트 내성','32704','32767','32768','32831','1','1','1','0','0','1','1','1','1','1','1','1','1','1'
'16','하딘의 연구소','32704','32831','32704','32895','1','1','1','0','0','1','1','1','1','1','1','1','1','1'
'17','네루파의 동굴','32704','32767','32768','32831','1','1','1','0','0','1','1','1','1','1','1','1','1','1'
'18','듀펠게넌 던전','32704','32767','32768','32831','1','1','1','0','0','1','1','1','1','1','1','1','1','1'
'19','요정숲 던전 1층','32704','32895','32640','32895','1','1','1','0','0','1','1','1','1','1','1','1','1','1'
'20','요정숲 던전 2층','32704','32831','32704','32831','1','1','1','0','0','1','1','1','1','1','1','1','1','1'
'21','요정숲 던전 3층','32640','32831','32704','32895','1','1','1','0','0','0','1','1','1','1','1','1','1','1'
'22','게라드의 시험던전','32640','32895','32640','32895','1','1','1','0','0','1','1','1','1','1','1','1','1','1'
'23','윈다우드성 던전','32640','32895','32640','32895','1','1','1','0','0','1','1','1','1','1','1','1','1','1'
'24','윈다우드성 던전','32640','32895','32640','32895','1','1','1','0','0','1','1','1','1','1','1','1','1','1'
'25','은기사 마을 굴(던전)1층','32704','32895','32704','32831','1','1','1','0','0','1','1','1','1','1','1','1','1','1'
'26','은기사 마을 굴(던전)2층','32704','32895','32640','32895','1','1','1','0','0','1','1','1','1','1','1','1','1','1'
'27','은기사 마을 굴(던전)3층','32640','32895','32704','32895','1','1','1','0','0','1','1','1','1','1','1','1','1','1'
'28','은기사 마을 굴(던전)4층','32640','32895','32704','32895','1','1','1','0','0','1','1','1','1','1','1','1','1','1'
'29','윈다우드 내성','32704','32767','32768','32831','1','1','1','0','0','1','1','1','1','1','1','1','1','1'
'30','용의계곡 던전1층','32640','32895','32640','32895','1','1','1','0','0','1','1','1','1','1','1','1','1','1'
'31','용의계곡 던전2층','32640','32895','32640','32895','1','1','1','0','0','1','1','1','1','1','1','1','1','1'
'32','용의계곡 던전3층','32576','32831','32704','32959','1','1','1','0','0','1','1','1','1','1','1','1','1','1'
'33','용의계곡 던전4층','32576','32831','32704','32959','1','1','1','0','0','1','1','1','1','1','1','1','1','1'
'34','Hall of Honor','32640','32831','32704','32895','1','1','1','0','0','1','0','1','1','1','1','1','1','1'
'35','용의계곡 던전5층','32576','32831','32704','32959','1','1','1','0','0','1','1','1','1','1','1','1','1','1'
'36','용의계곡 던전6층','32576','32831','32704','32959','1','1','1','0','0','1','1','1','1','1','1','1','1','1'
'37','안타라스 둥지','32576','32831','32704','32959','1','1','1','0','0','0','0','1','1','1','1','1','1','1'
'38','Hall of Honor','32640','32831','32704','32895','1','1','1','0','0','0','0','1','0','1','1','1','1','1'
'39','Hall of Honor','32640','32831','32704','32895','1','1','1','0','0','0','0','1','0','1','1','1','1','1'
'40','Hall of Honor','32640','32831','32704','32895','1','1','1','0','0','0','0','1','0','1','1','1','1','1'
'41','Hall of Honor','32640','32831','32704','32895','1','1','1','0','0','0','0','1','0','1','1','1','1','1'
'42',\N,'32512','32831','32704','33023','1','1','1','0','0','0','0','1','0','1','0','0','1','1'
'43','개미굴','32704','32831','32704','32831','1','1','1','0','0','1','1','1','1','1','1','1','1','1'
'44','개미굴','32704','32831','32704','32831','1','1','1','0','0','1','1','1','1','1','1','1','1','1'
'45','개미굴','32704','32831','32704','32831','1','1','1','0','0','1','1','1','1','1','1','1','1','1'
'46','개미굴','32704','32831','32704','32831','1','1','1','0','0','1','1','1','1','1','1','1','1','1'
'47','개미굴','32704','32831','32704','32831','1','1','1','0','0','1','1','1','1','1','1','1','1','1'
'48','개미굴','32704','32831','32704','32831','1','1','1','0','0','1','1','1','1','1','1','1','1','1'
'49','개미굴','32704','32831','32704','32831','1','1','1','0','0','1','1','1','1','1','1','1','1','1'
'50','개미굴','32704','32831','32704','32831','1','1','1','0','0','1','1','1','1','1','1','1','1','1'
'51','개미굴','32640','32831','32704','32895','1','1','1','0','0','1','1','1','1','1','1','1','1','1'
'52','기란 내성','32640','32767','32768','32895','1','1','1','0','0','1','1','1','1','1','1','1','1','1'
'53','기란 던전1층','32640','32895','32640','32895','1','1','1','0','0','1','1','1','1','1','1','1','1','1'
'54','기란 던전2층','32640','32895','32640','32895','1','1','1','0','0','1','1','1','1','1','1','1','1','1'
'55','기란 던전3층','32640','32831','32704','32959','1','1','1','0','0','1','1','1','1','1','1','1','1','1'
'56','기란 던전4층','32640','32895','32640','32895','1','1','1','0','0','1','1','1','1','1','1','1','1','1'
'57','Ice Country1','32576','33023','32512','32959','1','1','1','0','0','1','1','1','0','1','0','0','1','1'
'58','Fire Country1','32512','32831','32704','33023','1','1','1','0','0','1','1','1','0','1','0','0','1','1'
'59','에바왕국 던전1층','32640','32831','32768','32895','1','1','1','0','0','1','1','1','1','1','1','1','1','1'
'60','에바왕국 던전2층','32640','32767','32768','32959','1','1','1','0','0','1','1','1','1','1','1','1','1','1'
'61','에바왕국 던전3층','32640','32767','32768','32895','1','1','1','0','0','1','1','1','1','1','1','1','1','1'
'62','에바의 성지','32640','32767','32768','32895','1','1','1','0','0','1','1','1','1','1','1','1','1','1'
'63','에바왕국 던전4층','32576','32895','32640','32959','1','1','1','1','0','1','1','1','1','1','0','0','1','1'
'64','하이네 내성','32512','32639','32768','32895','1','1','1','0','0','1','1','1','1','1','1','1','1','1'
'65','파푸리온 둥지','32704','32831','32768','32895','1','1','1','1','0','0','0','1','1','1','0','0','1','1'
'66','Iron Gate Guild Inner Castle','32704','32895','32768','32959','1','1','1','0','0','0','1','1','1','1','1','1','1','1'
'67','발라카스 둥지','32640','32831','32704','32895','1','1','1','0','0','0','0','1','1','1','1','1','1','1'
'68','노래하는 섬','32576','33023','32512','32959','1','1','1','0','0','1','1','1','1','1','1','1','1','1'
'69','숨겨진 계곡','32512','32831','32704','33023','1','1','1','0','0','1','1','1','1','1','1','1','1','1'
'70','잊혀진 섬','32576','33023','32640','33087','1','1','1','0','0','0','0','1','1','1','1','1','1','1'
'72','Crystal Cavern 1F','32704','32895','32768','32895','1','1','1','0','0','1','1','1','1','1','1','1','1','1'
'73','Crystal Cavern 2F','32704','32959','32704','32959','1','1','1','0','0','1','1','1','1','1','1','1','1','1'
'74','Crystal Cavern 3F','32704','32895','32768','32959','1','1','1','0','0','1','1','1','1','1','1','1','1','1'
'75','오렌 상아탑 1층','32704','32831','32768','32959','1','1','1','0','0','1','1','1','1','1','1','1','1','1'
'76','오렌 상아탑 2층','32704','32831','32768','32895','1','1','1','0','0','1','1','1','1','1','1','1','1','1'
'77','오렌 상아탑 3층','32704','32831','32768','32895','1','1','1','0','0','1','1','1','1','1','1','1','1','1'
'78','오렌 상아탑 4층','32832','32959','32704','32831','1','1','1','0','0','0','1','1','1','1','1','1','1','1'
'79','오렌 상아탑 5층','32704','32831','32768','32895','1','1','1','0','0','0','1','1','1','1','1','1','1','1'
'80','오렌 상아탑 6층','32704','32831','32768','32895','1','1','1','0','0','0','1','1','1','1','1','1','1','1'
'81','오렌 상아탑 7층','32704','32831','32768','32895','1','1','1','0','0','0','1','1','1','1','1','1','1','1'
'82','오렌 상아탑 8층','32640','32767','32768','32895','1','1','1','0','0','0','1','1','1','1','1','1','1','1'
'83','잊혀진 섬행 배','32704','32831','32768','32831','1','1','1','0','0','0','1','1','0','1','1','1','1','1'
'84','Forgotten Island Ship to Aden Mainland','32704','32767','32768','32831','1','1','1','0','0','0','1','1','0','1','1','1','1','1'
'85','노래하는 섬 던전','32512','32831','32640','32959','1','1','1','0','0','1','1','1','0','1','1','1','1','1'
'86','숨겨진 계곡 던전','32768','33023','32704','32895','1','1','1','0','0','1','1','1','0','1','1','1','1','1'
'87','수련 동굴','32704','32767','32768','32831','1','1','1','0','0','0','1','1','1','1','1','1','1','1'
'88','기란  콜롯세움','33472','33599','32640','32767','1','1','1','0','0','0','1','0','1','1','1','0','1','1'
'89','기란  콜롯세움','32640','32767','32832','32959','1','1','1','0','0','0','1','0','1','1','1','0','1','1'
'90','기란  콜롯세움','32640','32767','32832','32959','1','1','1','0','0','0','0','0','1','1','1','0','1','1'
'91','말하는 섬 콜롯세움','32640','32767','32832','32959','1','1','1','0','0','0','1','0','1','1','0','0','1','1'
'92','글루디오 콜롯세움 ','32640','32767','32832','32959','1','1','1','0','0','0','1','0','1','1','0','0','1','1'
'93','켄트 콜롯세움','32640','32767','32832','32959','1','1','1','0','0','0','1','0','1','1','1','0','1','1'
'94','윈다우드 콜롯세움','32640','32767','32832','32959','1','1','1','0','0','0','1','0','1','1','1','0','1','1'
'95','은기사마을 콜롯세움','32640','32767','32832','32959','1','1','1','0','0','0','1','0','1','1','0','0','1','1'
'96','발라카스 둥지 콜롯세움','32640','32767','32832','32959','1','1','1','0','0','0','1','0','1','1','1','0','1','1'
'97','하이네 콜롯세움','32640','32767','32832','32959','1','1','1','0','0','0','1','0','1','1','1','0','1','1'
'98','웰던 콜롯세움','32640','32767','32832','32959','1','1','1','0','0','0','1','0','1','1','0','0','1','1'
'99','운영자의 방','32704','32767','32768','32831','1','1','1','0','0','0','0','1','0','1','0','0','1','1'
'100',\N,'32704','32831','32768','32895','1','1','1','0','0','0','1','1','0','1','0','0','1','1'
'101','오만의 탑 1층','32704','32895','32704','32895','1','1','1','0','0','0','1','1','1','1','1','1','1','1'
'102','오만의 탑 2층','32704','32895','32704','32895','1','1','1','0','0','0','1','1','1','1','1','1','1','1'
'103','오만의 탑 3층','32704','32895','32704','32895','1','1','1','0','0','0','1','1','1','1','1','1','1','1'
'104','오만의 탑 4층','32576','32767','32768','32959','1','1','1','0','0','0','1','1','1','1','1','1','1','1'
'105','오만의 탑 5층','32576','32767','32768','32959','1','1','1','0','0','0','1','1','1','1','1','1','1','1'
'106','오만의 탑 6층','32576','33855','32768','32959','1','1','1','0','0','0','1','1','1','1','1','1','1','1'
'107','오만의 탑 7층','32576','32767','32768','32959','1','1','1','0','0','0','1','1','1','1','1','1','1','1'
'108','오만의 탑 8층','32576','32767','32768','32959','1','1','1','0','0','0','1','1','1','1','1','1','1','1'
'109','오만의 탑 9층','32576','32767','32768','32959','1','1','1','0','0','0','1','1','1','1','1','1','1','1'
'110','오만의 탑 10층','32704','32895','32704','32895','1','1','1','0','0','0','1','1','1','1','1','1','1','1'
'111','오만의 탑 11층','32576','32767','32768','32959','1','1','1','0','0','0','1','1','1','1','1','1','1','1'
'112','오만의 탑 12층','32704','32895','32704','32895','1','1','1','0','0','0','1','1','1','1','1','1','1','1'
'113','오만의 탑 13층','32704','32895','32704','32895','1','1','1','0','0','0','1','1','1','1','1','1','1','1'
'114','오만의 탑 14층','32576','32767','32768','32959','1','1','1','0','0','0','1','1','1','1','1','1','1','1'
'115','오만의 탑 15층','32576','32767','32768','32959','1','1','1','0','0','0','1','1','1','1','1','1','1','1'
'116','오만의 탑 16층','32704','32831','32832','32895','1','1','1','0','0','0','1','1','1','1','1','1','1','1'
'117','오만의 탑 17층','32576','32767','32768','32959','1','1','1','0','0','0','1','1','1','1','1','1','1','1'
'118','오만의 탑 18층','32576','32767','32768','32959','1','1','1','0','0','0','1','1','1','1','1','1','1','1'
'119','오만의 탑 19층','32576','32767','32768','32959','1','1','1','0','0','0','1','1','1','1','1','1','1','1'
'120','오만의 탑 20층','32704','32895','32704','32895','1','1','1','0','0','0','1','1','1','1','1','1','1','1'
'121','오만의 탑 21층','32576','32767','32768','32959','1','1','1','0','0','0','1','1','1','1','1','1','1','1'
'122','오만의 탑 22층','32704','32895','32704','32895','1','1','1','0','0','0','1','1','1','1','1','1','1','1'
'123','오만의 탑 23층','32704','32895','32704','32895','1','1','1','0','0','0','1','1','1','1','1','1','1','1'
'124','오만의 탑 24층','32576','32767','32768','32959','1','1','1','0','0','0','1','1','1','1','1','1','1','1'
'125','오만의 탑 25층','32576','32767','32768','32959','1','1','1','0','0','0','1','1','1','1','1','1','1','1'
'126','오만의 탑 26층','32704','32831','32832','32895','1','1','1','0','0','0','1','1','1','1','1','1','1','1'
'127','오만의 탑 27층','32576','32767','32768','32959','1','1','1','0','0','0','1','1','1','1','1','1','1','1'
'128','오만의 탑 28층','32576','32767','32768','32959','1','1','1','0','0','0','1','1','1','1','1','1','1','1'
'129','오만의 탑 29층','32576','32767','32768','32959','1','1','1','0','0','0','1','1','1','1','1','1','1','1'
'130','오만의 탑 30층','32704','32895','32704','32895','1','1','1','0','0','0','1','1','1','1','1','1','1','1'
'131','오만의 탑 31층','32576','32767','32768','32959','1','1','1','0','0','0','1','1','1','1','1','1','1','1'
'132','오만의 탑 32층','32704','32895','32704','32895','1','1','1','0','0','0','1','1','1','1','1','1','1','1'
'133','오만의 탑 33층','32704','32895','32704','32895','1','1','1','0','0','0','1','1','1','1','1','1','1','1'
'134','오만의 탑 34층','32576','32767','32768','32959','1','1','1','0','0','0','1','1','1','1','1','1','1','1'
'135','오만의 탑 35층','32576','32767','32768','32959','1','1','1','0','0','0','1','1','1','1','1','1','1','1'
'136','오만의 탑 36층','32704','32831','32832','32895','1','1','1','0','0','0','1','1','1','1','1','1','1','1'
'137','오만의 탑 37층','32576','32767','32768','32959','1','1','1','0','0','0','1','1','1','1','1','1','1','1'
'138','오만의 탑 38층','32576','32767','32768','32959','1','1','1','0','0','0','1','1','1','1','1','1','1','1'
'139','오만의 탑 39층','32576','32767','32768','32959','1','1','1','0','0','0','1','1','1','1','1','1','1','1'
'140','오만의 탑 40층','32704','32895','32704','32895','1','1','1','0','0','0','1','1','1','1','1','1','1','1'
'141','오만의 탑 41층','32576','32767','32768','32959','1','1','1','0','0','0','1','1','1','1','1','1','1','1'
'142','오만의 탑 42층','32704','32895','32704','32895','1','1','1','0','0','0','1','1','1','1','1','1','1','1'
'143','오만의 탑 43층','32704','32895','32704','32895','1','1','1','0','0','0','1','1','1','1','1','1','1','1'
'144','오만의 탑 44층','32576','32767','32768','32959','1','1','1','0','0','0','1','1','1','1','1','1','1','1'
'145','오만의 탑 45층','32576','32767','32768','32959','1','1','1','0','0','0','1','1','1','1','1','1','1','1'
'146','오만의 탑 46층','32704','32831','32832','32895','1','1','1','0','0','0','1','1','1','1','1','1','1','1'
'147','오만의 탑 47층','32576','32767','32768','32959','1','1','1','0','0','0','1','1','1','1','1','1','1','1'
'148','오만의 탑 48층','32576','32767','32768','32959','1','1','1','0','0','0','1','1','1','1','1','1','1','1'
'149','오만의 탑 49층','32576','32767','32768','32959','1','1','1','0','0','0','1','1','1','1','1','1','1','1'
'150','오만의 탑 50층','32704','32895','32704','32895','1','1','1','0','0','0','1','1','1','1','1','1','1','1'
'151','오만의 탑 51층','32576','32767','32768','32959','1','1','1','0','0','0','1','1','1','1','1','1','1','1'
'152','오만의 탑 52층','32576','32767','32768','32959','1','1','1','0','0','0','1','1','1','1','1','1','1','1'
'153','오만의 탑 53층','32576','32767','32768','32959','1','1','1','0','0','0','1','1','1','1','1','1','1','1'
'154','오만의 탑 54층','32704','32895','32704','32895','1','1','1','0','0','0','1','1','1','1','1','1','1','1'
'155','오만의 탑 55층','32704','32895','32704','32895','1','1','1','0','0','0','1','1','1','1','1','1','1','1'
'156','오만의 탑 56층','32704','32831','32768','32831','1','1','1','0','0','0','1','1','1','1','1','1','1','1'
'157','오만의 탑 57층','32576','32767','32768','32959','1','1','1','0','0','0','1','1','1','1','1','1','1','1'
'158','오만의 탑 58층','32576','32767','32768','32959','1','1','1','0','0','0','1','1','1','1','1','1','1','1'
'159','오만의 탑 59층','32576','32767','32768','32959','1','1','1','0','0','0','1','1','1','1','1','1','1','1'
'160','오만의 탑 60층','32576','32767','32768','32959','1','1','1','0','0','0','1','1','1','1','1','1','1','1'
'161','오만의 탑 61층','32576','32767','32768','32959','1','1','1','0','0','0','1','1','1','1','1','1','1','1'
'162','오만의 탑 62층','32576','32767','32768','32959','1','1','1','0','0','0','1','1','1','1','1','1','1','1'
'163','오만의 탑 63층','32576','32767','32768','32959','1','1','1','0','0','0','1','1','1','1','1','1','1','1'
'164','오만의 탑 64층','32704','32895','32704','32895','1','1','1','0','0','0','1','1','1','1','1','1','1','1'
'165','오만의 탑 65층','32704','32895','32704','32895','1','1','1','0','0','0','1','1','1','1','1','1','1','1'
'166','오만의 탑 66층','32704','32831','32768','32831','1','1','1','0','0','0','1','1','1','1','1','1','1','1'
'167','오만의 탑 67층','32576','32767','32768','32959','1','1','1','0','0','0','1','1','1','1','1','1','1','1'
'168','오만의 탑 68층','32576','32767','32768','32959','1','1','1','0','0','0','1','1','1','1','1','1','1','1'
'169','오만의 탑 69층','32576','32767','32768','32959','1','1','1','0','0','0','1','1','1','1','1','1','1','1'
'170','오만의 탑 70층','32576','32767','32768','32959','1','1','1','0','0','0','1','1','1','1','1','1','1','1'
'171','오만의 탑 71층','32576','32767','32768','32959','1','1','1','0','0','0','1','1','1','1','1','1','1','1'
'172','오만의 탑 72층','32576','32767','32768','32959','1','1','1','0','0','0','1','1','1','1','1','1','1','1'
'173','오만의 탑 73층','32576','32767','32768','32959','1','1','1','0','0','0','1','1','1','1','1','1','1','1'
'174','오만의 탑 74층','32704','32895','32704','32895','1','1','1','0','0','0','1','1','1','1','1','1','1','1'
'175','오만의 탑 75층','32704','32895','32704','32895','1','1','1','0','0','0','1','1','1','1','1','1','1','1'
'176','오만의 탑 76층','32704','32831','32768','32831','1','1','1','0','0','0','1','1','1','1','1','1','1','1'
'177','오만의 탑 77층','32576','32767','32768','32959','1','1','1','0','0','0','1','1','1','1','1','1','1','1'
'178','오만의 탑 78층','32576','32767','32768','32959','1','1','1','0','0','0','1','1','1','1','1','1','1','1'
'179','오만의 탑 79층','32576','32767','32768','32959','1','1','1','0','0','0','1','1','1','1','1','1','1','1'
'180','오만의 탑 80층','32576','32767','32768','32959','1','1','1','0','0','0','1','1','1','1','1','1','1','1'
'181','오만의 탑 81층','32576','32767','32768','32959','1','1','1','0','0','0','1','1','1','1','1','1','1','1'
'182','오만의 탑 82층','32576','32767','32768','32959','1','1','1','0','0','0','1','1','1','1','1','1','1','1'
'183','오만의 탑 83층','32576','32767','32768','32959','1','1','1','0','0','0','1','1','1','1','1','1','1','1'
'184','오만의 탑 84층','32704','32895','32704','32895','1','1','1','0','0','0','1','1','1','1','1','1','1','1'
'185','오만의 탑 85층','32704','32895','32704','32895','1','1','1','0','0','0','1','1','1','1','1','1','1','1'
'186','오만의 탑 86층','32704','32831','32768','32831','1','1','1','0','0','0','1','1','1','1','1','1','1','1'
'187','오만의 탑 87층','32576','32767','32768','32959','1','1','1','0','0','0','1','1','1','1','1','1','1','1'
'188','오만의 탑 88층','32576','32767','32768','32959','1','1','1','0','0','0','1','1','1','1','1','1','1','1'
'189','오만의 탑 89층','32576','32767','32768','32959','1','1','1','0','0','0','1','1','1','1','1','1','1','1'
'190','오만의 탑 90층','32576','32767','32768','32959','1','1','1','0','0','0','1','1','1','1','1','1','1','1'
'191','오만의 탑 91층','32576','32767','32768','32959','1','1','1','0','0','0','1','1','1','1','1','1','1','1'
'192','오만의 탑 92층','32576','32767','32768','32959','1','1','1','0','0','0','1','1','1','1','1','1','1','1'
'193','오만의 탑 93층','32576','32767','32768','32959','1','1','1','0','0','0','1','1','1','1','1','1','1','1'
'194','오만의 탑 94층','32704','32895','32704','32895','1','1','1','0','0','0','1','1','1','1','1','1','1','1'
'195','오만의 탑 95층','32704','32895','32704','32895','1','1','1','0','0','0','1','1','1','1','1','1','1','1'
'196','오만의 탑 96층','32704','32831','32768','32831','1','1','1','0','0','0','1','1','1','1','1','1','1','1'
'197','오만의 탑 97층','32576','32767','32768','32959','1','1','1','0','0','0','1','1','1','1','1','1','1','1'
'198','오만의 탑 98층','32576','32767','32768','32959','1','1','1','0','0','0','1','1','1','1','1','1','1','1'
'199','오만의 탑 99층','32576','32767','32768','32959','1','1','1','0','0','0','1','1','1','1','1','1','1','1'
'200','오만의 탑 100층','32576','32831','32768','33023','1','1','1','0','0','0','0','1','1','1','1','1','1','1'
'201','마법사 퀘스트 던전','32640','33535','32704','32959','1','1','1','0','0','0','1','1','1','1','1','1','1','1'
'202','마법사 퀘스트 던전','32640','33535','32704','32895','1','1','1','0','0','0','1','1','1','1','1','1','1','1'
'203','마법사 퀘스트 던전','32640','33535','32704','32895','1','1','1','0','0','0','1','1','1','1','1','1','1','1'
'204','마법사 퀘스트 던전','32640','33535','32704','32895','1','1','1','0','0','0','1','1','1','1','1','1','1','1'
'205',\N,'32640','33535','32704','32895','1','1','1','0','0','1','1','1','0','1','1','1','1','1'
'206',\N,'32640','33535','32704','32895','1','1','1','0','0','1','1','1','0','1','1','1','1','1'
'207',\N,'32640','33535','32704','32895','1','1','1','0','0','1','1','1','0','1','1','1','1','1'
'208',\N,'32640','33535','32704','32895','1','1','1','0','0','1','1','1','0','1','1','1','1','1'
'209','다크엘프 던전','32704','32767','32768','32831','1','1','1','0','0','0','1','1','1','1','1','1','1','1'
'210','다크엘프 던전','32640','33535','32704','32895','1','1','1','0','0','0','1','1','1','1','1','1','1','1'
'211','다크엘프 던전','32640','33535','32704','32895','1','1','1','0','0','0','1','1','1','1','1','1','1','1'
'213','다크엘프 던전','32704','32767','32768','32831','1','1','1','0','0','0','1','1','1','1','1','1','1','1'
'217','뮤턴트 개미 던전','32640','32767','32768','32831','1','1','1','0','0','0','1','1','1','1','1','1','1','1'
'221','게라드의 시험 던전','32640','32895','32640','32895','1','1','1','0','0','0','1','1','1','1','1','1','1','1'
'237','짐 던전','32704','32767','32768','32831','1','1','1','0','0','0','1','1','1','1','1','1','1','1'
'240','켄트성 던전 1층','32640','32767','33024','33151','1','1','1','0','0','0','1','1','1','1','1','1','1','1'
'241','켄트성 던전 2층','32704','32831','32832','32959','1','1','1','0','0','0','1','1','1','1','1','1','1','1'
'242','켄트성 던전 3층','32704','32831','32896','33087','1','1','1','0','0','0','1','1','1','1','1','1','1','1'
'243','켄트성 던전 4층','32640','32767','32832','33023','1','1','1','0','0','0','1','1','1','1','1','1','1','1'
'244','오염된 축복의 땅','32704','33023','32768','33087','1','1','1','0','0','0','1','1','1','1','1','1','1','1'
'248','1F Taros\'s Inner Castle','32704','32831','32768','32895','1','1','1','0','0','0','1','1','1','1','1','1','1','1'
'249','2F Trap of Greedy Person','32704','32831','32832','32895','1','1','1','0','0','0','1','1','1','1','1','1','1','1'
'250','3F Greedy Hall','32704','32831','32768','32895','1','1','1','0','0','0','1','1','1','1','1','1','1','1'
'251','Taros\'s Room','32768','32831','32768','32831','1','1','1','0','0','0','1','1','1','1','1','1','1','1'
'252','Underground Prison of Heine','32576','32767','32832','32895','1','1','1','0','0','0','1','1','1','1','1','1','1','1'
'253','Kingdom of Eva','32704','32831','32832','33023','1','1','1','1','0','0','1','1','1','1','0','0','1','1'
'254','Barbados\'s Lair','32576','32767','32768','32959','1','1','1','0','0','0','1','1','1','1','1','1','1','1'
'255','Dwarf Mine','32640','32831','32768','32895','1','1','1','0','0','0','1','1','1','1','1','1','1','1'
'256','Savage Land','32640','32895','32768','33023','1','1','1','0','0','0','1','1','1','1','1','1','1','1'
'257','1F Corridor of The Dead','32640','32831','32768','32895','1','1','1','0','0','0','1','1','1','1','1','1','1','1'
'258','2F Grave of The Dead','32576','32831','32768','33151','1','1','1','0','0','0','1','1','1','1','1','1','1','1'
'259','3F Corridor of The Dead','32704','32767','32768','33023','1','1','1','0','0','0','1','1','1','1','1','1','1','1'
'261','제 1 오크 부대 전초 기지','32704','32895','32768','32959','1','1','1','0','0','0','1','1','1','1','1','1','1','1'
'262','숨겨진 1 오크 부대 전초 기지','32704','32895','32768','32959','1','1','1','0','0','0','1','1','1','1','1','1','1','1'
'263','제 2 오크 부대 전초 기지','32704','32895','32768','32959','1','1','1','0','0','0','1','1','1','1','1','1','1','1'
'264','제 3 오크 부대 전초 기지','32704','32895','32768','32959','1','1','1','0','0','0','1','1','1','1','1','1','1','1'
'265','제 4 오크 부대 전초 기지','32704','32895','32768','32959','1','1','1','0','0','0','1','1','1','1','1','1','1','1'
'266','제 5 오크 부대 전초 기지','32704','32895','32768','32959','1','1','1','0','0','0','1','1','1','1','1','1','1','1'
'267','숨겨진 제 2 오크 부대 전초 기지','32704','32895','32768','32959','1','1','1','0','0','0','1','1','1','1','1','1','1','1'
'268','제 6 오크 부대 전초 기지','32704','32895','32768','32959','1','1','1','0','0','0','1','1','1','1','1','1','1','1'
'269','제 7 오크 부대 전초 기지','32704','32895','32768','32959','1','1','1','0','0','0','1','1','1','1','1','1','1','1'
'270','상아탑의 비밀 연구실','32704','32767','32768','32831','1','1','1','0','0','0','1','1','1','1','1','1','1','1'
'271','Crystal Cavern','32704','32831','32768','32895','1','1','1','0','0','0','1','1','1','1','1','1','1','1'
'272','Crystal Cavern','32704','32831','32768','32895','1','1','1','0','0','0','1','1','1','1','1','1','1','1'
'273','Crystal Cavern','32704','32831','32768','32895','1','1','1','0','0','0','1','1','1','1','1','1','1','1'
'274','Crystal Cavern','32704','32831','32768','32895','1','1','1','0','0','0','1','1','1','1','1','1','1','1'
'275','Crystal Cavern','32704','32831','32768','32895','1','1','1','0','0','0','1','1','1','1','1','1','1','1'
'276','Crystal Cavern','32704','32831','32768','32895','1','1','1','0','0','0','1','1','1','1','1','1','1','1'
'277','Crystal Cavern','32704','32831','32768','32895','1','1','1','0','0','0','1','1','1','1','1','1','1','1'
'278','Crystal Cavern','32704','32895','32768','32895','1','1','1','0','0','0','1','1','1','1','1','1','1','1'
'279','제 8 오크 부대 전초 기지','32704','32895','32768','32959','1','1','1','0','0','0','1','1','1','1','1','1','1','1'
'280','야누스의 상아탑 4F 발록 진영','32832','32959','32704','32831','1','1','1','0','0','0','1','1','1','1','1','1','1','1'
'281','야누스의 상아탑 5F 발록 진영','32704','32831','32768','32895','1','1','1','0','0','0','1','1','1','1','1','1','1','1'
'282','야누스의 상아탑 6F 발록 진영','32704','32831','32768','32895','1','1','1','0','0','0','1','1','1','1','1','1','1','1'
'283','야누스의 상아탑 7F 발록 진영','32704','32831','32768','32895','1','1','1','0','0','0','1','1','1','1','1','1','1','1'
'284','야누스의 상아탑 8F 발록 진영','32640','32767','32768','32895','1','1','1','0','0','0','1','1','1','1','1','1','1','1'
'285','야누스의 상아탑 4F 야히 진영','32832','32959','32704','32831','1','1','1','0','0','0','1','1','1','1','1','1','1','1'
'286','야누스의 상아탑 5F 야히 진영','32704','32831','32768','32895','1','1','1','0','0','0','1','1','1','1','1','1','1','1'
'287','야누스의 상아탑 6F 야히 진영','32704','32831','32768','32895','1','1','1','0','0','0','1','1','1','1','1','1','1','1'
'288','야누스의 상아탑 7F 야히 진영','32704','32831','32768','32895','1','1','1','0','0','0','1','1','1','1','1','1','1','1'
'289','야누스의 상아탑 8F 야히 진영','32640','32767','32768','32895','1','1','1','0','0','0','1','1','1','1','1','1','1','1'
'290','숨겨진 제 3 오크 부대 전초 기지','32704','32895','32768','32959','1','1','1','0','0','0','1','1','1','1','1','1','1','1'
'291','숨겨진 제 4 오크 부대 전초 기지','32704','32895','32768','32959','1','1','1','0','0','0','1','1','1','1','1','1','1','1'
'300','Aden Inner Castle','32832','32959','32448','32639','1','1','1','0','0','1','1','1','1','1','1','1','1','1'
'301','Aden Sewer','32576','32767','32768','33023','1','1','1','0','0','1','1','1','1','1','1','1','1','1'
'302','Sepia Dungeon','32704','32767','32832','32895','1','1','1','0','0','0','1','1','1','1','1','1','1','1'
'303','Dream Islan','32576','32959','32512','32895','1','1','1','0','0','0','0','0','1','0','1','1','1','1'
'304','Silent Cavern','32576','32959','32768','33023','1','1','1','0','1','1','1','1','1','1','1','1','1','1'
'305','Elder Room','32704','32767','32768','32831','1','1','1','0','0','1','1','1','1','1','1','1','1','1'
'306','Dungeon of Evil Thoughts','32512','32767','32768','32959','1','1','1','0','0','0','1','1','1','1','1','1','1','1'
'307','Lastavard Dungeon 1F','32704','32959','32768','32959','1','1','1','0','0','1','1','1','1','1','1','1','1','1'
'308','Lastavard Dungeon 2F','32704','33023','32768','32959','1','1','1','0','0','1','1','1','1','1','1','1','1','1'
'309','Lastavard Dungeon 3F','32704','33087','32768','32959','1','1','1','0','0','1','1','1','1','1','1','1','1','1'
'310','오움 던전','32640','32895','32768','33023','1','1','1','0','0','0','1','1','1','1','1','1','1','1'
'320','디아드 요새','32640','33087','32768','33087','1','1','1','0','0','0','1','1','1','1','1','1','1','1'
'330','광물 동굴','32640','32831','32768','33023','1','1','1','0','0','1','1','1','1','1','1','1','1','1'
'340','글루딘 시장','32640','32895','32704','32959','1','1','1','0','0','0','1','1','0','1','0','0','1','1'
'350','기란 시장','32640','32767','32768','32895','1','1','1','0','0','0','1','1','0','1','0','0','1','1'
'360','오렌 시장','32640','32831','32704','32895','1','1','1','0','0','0','1','1','0','1','0','0','1','1'
'370','은기사 마을 시장','32640','32831','32704','32895','1','1','1','0','0','0','1','1','0','1','0','0','1','1'
'400','Great Cavern Recluse Village Area','32448','33087','32576','33087','1','1','1','0','0','0','1','1','1','1','1','1','1','1'
'401','Great Cavern Resistance Area','32704','32895','32768','32895','1','1','1','0','0','0','1','1','1','1','1','1','1','1'
'410','마족 신전','32640','32959','32704','33087','1','1','1','0','0','0','1','1','1','1','1','1','1','1'
'420','지저 호수','32640','32831','32832','33151','1','1','1','1','0','1','1','1','1','1','0','0','1','1'
'430','정령의 무덤','32640','33023','32704','33087','1','1','1','0','0','0','1','1','1','1','1','1','1','1'
'440','해적섬','32256','32767','32768','33279','1','1','1','0','0','1','1','1','1','1','1','1','1','1'
'441','해적섬 던전 1층','32640','32895','32704','32959','1','1','1','0','0','1','1','1','1','1','1','1','1','1'
'442','해적섬 던전 2층','32704','32895','32704','32895','1','1','1','0','0','0','1','1','1','1','1','1','1','1'
'443','해적섬 던전 3층','32640','32895','32640','32959','1','1','1','0','0','0','1','1','1','1','1','1','1','1'
'444','해적섬 던전 4층','32704','32767','32768','32831','1','1','1','0','0','0','1','1','1','1','1','1','1','1'
'445','숨겨진 선착장 ','32704','32831','32832','32895','1','1','1','0','0','0','1','1','1','1','1','1','1','1'
'446','숨겨진 선착장행 배','32704','32831','32768','32831','1','1','1','0','0','0','1','1','0','1','1','1','1','1'
'447','해적섬행 배','32704','32767','32768','32831','1','1','1','0','0','0','1','1','0','1','1','1','1','1'
'450','라스타바드 정문','32576','32831','32768','32959','1','1','1','0','0','0','1','1','1','1','1','1','1','1'
'451','1층 집회장','32704','32895','32704','32895','1','1','1','0','0','0','1','1','1','1','1','1','1','1'
'452','1층 돌격대 훈련장','32704','32831','32768','32895','1','1','1','0','0','0','1','1','1','1','1','1','1','1'
'453','1층 마수군왕의 집무실','32704','32895','32704','32895','1','1','1','0','0','0','1','1','1','1','1','1','1','1'
'454','1층 야수 조련실','32704','32895','32704','32895','1','1','1','0','0','0','1','1','1','1','1','1','1','1'
'455','1층 야수 훈련장','32704','32895','32768','32895','1','1','1','0','0','0','1','1','1','1','1','1','1','1'
'456','1층 마수 소환실','32704','32831','32768','32895','1','1','1','0','0','0','1','1','1','1','1','1','1','1'
'457','1층 어둠의 결계','32640','32767','32768','32895','1','1','1','0','0','0','1','1','1','1','1','1','1','1'
'460','2층 흑마법 수련장','32704','32895','32768','32895','1','1','1','0','0','0','1','1','1','1','1','1','1','1'
'461','2층 흑마법 연구실','32640','32895','32768','32895','1','1','1','0','0','0','1','1','1','1','1','1','1','1'
'462','2층 마령군왕의 집무실','32640','32895','32768','32895','1','1','1','0','0','0','1','1','1','1','1','1','1','1'
'463','2층 마령군왕의 서재','32704','32831','32768','32895','1','1','1','0','0','0','1','1','1','1','1','1','1','1'
'464','2층 정령 소환실','32704','32831','32768','32895','1','1','1','0','0','0','1','1','1','1','1','1','1','1'
'465','2층 정령 서식지','32704','32831','32768','32895','1','1','1','0','0','0','1','1','1','1','1','1','1','1'
'466','2층 암흑정령 연구실','32704','32831','32768','32895','1','1','1','0','0','0','1','1','1','1','1','1','1','1'
'467','2층 암흑의 결계','32640','32767','32768','32895','1','1','1','0','0','0','1','1','1','1','1','1','1','1'
'468','2층 암흑의 결계','32576','32703','32832','32959','1','1','1','0','0','0','1','1','1','1','1','1','1','1'
'470','3층 악령제단','32640','32895','32768','32895','1','1','1','0','0','0','1','1','1','1','1','1','1','1'
'471','3층 데빌로드 제단','32704','32831','32768','32895','1','1','1','0','0','0','1','1','1','1','1','1','1','1'
'472','3층 용병 훈련장','32640','32831','32704','32895','1','1','1','0','0','0','1','1','1','1','1','1','1','1'
'473','3층 명법군의 훈련장','32704','32959','32768','32895','1','1','1','0','0','0','1','1','1','1','1','1','1','1'
'474','3층 오움 실험실','32704','32831','32768','32895','1','1','1','0','0','0','1','1','1','1','1','1','1','1'
'475','3층 명법군왕의 집무실','32640','32831','32768','32895','1','1','1','0','0','0','1','1','1','1','1','1','1','1'
'476','3층 중앙 통제실','32704','32831','32704','32895','1','1','1','0','0','0','1','1','1','1','1','1','1','1'
'477','3층 데빌로드 용병실','32704','32831','32768','32959','1','1','1','0','0','0','1','1','1','1','1','1','1','1'
'478','3층 통제구역','32640','32831','32704','32895','1','1','1','0','0','0','1','1','1','1','1','1','1','1'
'480','Pirate\'s Isle','32576','32895','32768','33023','1','1','1','0','0','1','1','1','1','1','1','1','1','1'
'481','Kamyla\'s Room','32640','32831','32768','32895','1','1','1','0','0','0','1','1','1','1','1','1','1','1'
'482','Franco\'s Labyrinth','32576','32831','32704','32895','1','1','1','0','0','1','1','1','1','1','1','1','1','1'
'483','Closed Jail of Diego','32640','32895','32704','32959','1','1','1','0','0','1','1','1','1','1','1','1','1','1'
'484','Underground Jail of Hose','32704','32895','32704','32895','1','1','1','0','0','1','1','1','1','1','1','1','1','1'
'490','지하 훈련장','32640','32767','32768','32895','1','1','1','0','0','0','1','1','1','1','1','1','1','1'
'491','지하 통로','32640','32767','32704','32895','1','1','1','0','0','0','1','1','1','1','1','1','1','1'
'492','암살군왕의 집무실','32704','32895','32768','32895','1','1','1','0','0','0','1','1','1','1','1','1','1','1'
'493','지하 통제실','32704','32831','32704','32831','1','1','1','0','0','0','1','1','1','1','1','1','1','1'
'494','지하 처형장','32768','32895','32704','32831','1','1','1','0','0','0','1','1','1','1','1','1','1','1'
'495','지하 결투장','32704','32895','32704','32895','1','1','1','0','0','0','1','1','1','1','1','1','1','1'
'496','지하 감옥','32768','32895','32768','32895','1','1','1','0','0','0','1','1','1','1','1','1','1','1'
'500',\N,'32640','32831','32704','32895','1','1','1','0','0','0','1','1','1','1','1','1','1','1'
'501',\N,'32576','33215','32512','32959','1','1','1','0','0','0','1','1','1','1','1','1','1','1'
'502',\N,'32576','33215','32576','32959','1','1','1','0','0','1','1','1','1','1','1','1','1','1'
'503',\N,'32576','33215','32576','32959','1','1','1','0','0','0','1','1','1','1','1','1','1','1'
'504',\N,'32576','33215','32576','32959','1','1','1','0','0','0','1','1','1','1','1','1','1','1'
'505',\N,'32576','33215','32576','32959','1','1','1','0','0','0','1','1','1','1','1','1','1','1'
'506',\N,'32512','33215','32576','32959','1','1','1','0','0','0','1','1','1','1','1','1','1','1'
'507',\N,'32704','33023','32768','32959','1','1','1','0','0','1','1','1','1','1','1','1','1','1'
'508',\N,'32768','32895','33088','33215','1','1','1','0','0','0','1','1','1','1','1','1','1','1'
'509','Chaos Battle Collosseum','32704','32767','32768','32831','1','1','1','0','0','0','1','1','1','1','1','1','1','1'
'511',\N,'32576','33215','32576','32895','1','1','1','0','0','0','1','1','1','1','1','1','1','1'
'512',\N,'32576','33215','32576','32895','1','1','1','0','0','0','1','1','1','1','1','1','1','1'
'513',\N,'32576','33215','32576','32895','1','1','1','0','0','0','1','1','1','1','1','1','1','1'
'514',\N,'32576','33215','32576','32895','1','1','1','0','0','0','1','1','1','1','1','1','1','1'
'515',\N,'32576','33215','32576','32895','1','1','1','0','0','0','1','1','1','1','1','1','1','1'
'516',\N,'32576','33215','32576','32895','1','1','1','0','0','0','1','1','1','1','1','1','1','1'
'518',\N,'32640','32831','32704','32895','1','1','1','0','0','0','1','1','0','1','0','0','1','1'
'521','그림자 신전 외곽','32576','32767','32832','33023','1','1','1','0','0','0','1','1','1','1','1','1','1','1'
'522','그림자 신전 1층','32576','32831','32832','32959','1','1','1','0','0','1','1','1','1','1','1','1','1','1'
'523','그림자 신전 2층','32576','32831','32832','32959','1','1','1','0','0','1','1','1','1','1','1','1','1','1'
'524','그림자 신전 3층','32576','32831','32832','32959','1','1','1','0','0','1','1','1','1','1','1','1','1','1'
'530','4층 그랑카인 신전,  케이나 집무실','32704','32959','32768','32959','1','1','1','0','0','0','1','1','1','1','1','1','1','1'
'531','4층 비아타스 집무실,  바로메스 집무실,  엔디아스 집무실','32704','32895','32704','32959','1','1','1','0','0','0','1','1','1','1','1','1','1','1'
'532','4층 정원 광장,  이데아 집무실','32704','32895','32768','32895','1','1','1','0','0','0','1','1','1','1','1','1','1','1'
'533','4층 티아메스 집무실,  라미아스 집무실,  바로드 집무실','32704','32895','32768','33023','1','1','1','0','0','0','1','1','1','1','1','1','1','1'
'534','4층 장로 회의장,  카산드라 집무실,  단테스 집무실','32704','32959','32768','32895','1','1','1','0','0','0','1','1','1','1','1','1','1','1'
'535','다크엘프 성지','32576','32895','32704','33023','1','1','1','0','0','0','1','1','1','1','1','1','1','1'
'536','3F Off-Limits Area of Darkness','32640','32831','32704','32895','1','1','1','0','0','0','1','1','1','1','1','1','1','1'
'541','개미굴','32640','32831','32768','32895','1','1','1','0','0','1','1','1','1','1','1','1','1','1'
'542','개미굴','32640','32831','32768','32895','1','1','1','0','0','1','1','1','1','1','1','1','1','1'
'543','개미굴','32704','32895','32704','32895','1','1','1','0','0','1','1','1','1','1','1','1','1','1'
'550','선박의 무덤 수면','32384','32895','32640','33151','1','1','1','0','0','0','1','1','1','1','1','1','1','1'
'551','선박의 무덤 선내 1F-1','32640','32767','32768','32895','1','1','1','0','0','0','1','1','1','1','1','1','1','1'
'552','선박의 무덤 선내 1F-2','32704','32767','32768','32895','1','1','1','1','0','0','1','1','1','1','0','0','1','1'
'553','선박의 무덤 선내 1F-3','32704','32831','32768','32895','1','1','1','0','0','0','1','1','1','1','1','1','1','1'
'554','선박의 무덤 선내 2F-1','32704','32831','32768','32895','1','1','1','0','0','0','1','1','1','1','1','1','1','1'
'555','선박의 무덤 선내 2F-2','32704','32767','32768','32895','1','1','1','1','0','0','1','1','1','1','0','0','1','1'
'556','선박의 무덤 선내 2F-3','32704','32831','32768','32895','1','1','1','0','0','0','1','1','1','1','1','1','1','1'
'557','선박의 무덤 선내 3F','32704','32831','32768','32895','1','1','1','1','0','0','1','1','1','1','0','0','1','1'
'558','선박의 무덤 심해','32704','33215','32768','33279','1','1','1','1','0','1','1','1','1','1','0','0','1','1'
'600','욕망의 동굴 외각','32640','32895','32704','32895','1','1','1','0','0','1','1','1','1','1','1','1','1','1'
'601','욕망의 동굴 로비','32640','32959','32704','32959','1','1','1','0','0','1','1','1','1','1','1','1','1','1'
'602','발록 알현소','32640','32767','32768','32895','1','1','1','0','0','1','1','1','1','1','1','1','1','1'
'603','발록의 아지트','32640','32767','32768','32895','1','1','1','0','0','1','1','1','1','1','1','1','1','1'
'604','파도의 방','32768','32895','32768','32895','1','1','1','1','0','1','1','1','1','1','0','0','1','1'
'605','화염의 방','32704','32959','32704','32959','1','1','1','0','0','1','1','1','1','1','1','1','1','1'
'606','폭풍의 방','32640','32895','32704','32895','1','1','1','0','0','1','1','1','1','1','1','1','1','1'
'607','지진의 방','32640','32895','32768','32959','1','1','1','0','0','1','1','1','1','1','1','1','1','1'
'608','야히의 연구실','32640','32767','32832','32959','1','1','1','0','0','1','1','1','1','1','1','1','1','1'
'610','Witch\'s Market','32640','32895','32704','32959','1','1','1','0','0','1','1','1','1','1','1','1','1','1'
'611','Camp Site','32640','32895','32640','32831','1','1','1','0','0','1','1','1','1','1','1','1','1','1'
'612','Forest of Abundance','32640','32895','32704','32959','1','1','1','0','0','0','1','1','1','1','1','1','1','1'
'613','Ground of Snowball fight','32640','32895','32768','33023','1','1','1','0','0','1','1','1','0','1','0','0','1','1'
'620','Netcafe Lobby','32768','32831','32768','32831','1','1','1','0','0','1','1','1','0','1','0','0','1','1'
'621','PC Premium Zone','32640','32895','32768','32959','1','1','1','0','0','1','1','0','0','0','0','1','1','1'
'630','Castle in the Sky','32704','33023','32768','33087','1','1','1','0','0','0','1','1','0','1','1','1','1','1'
'631','Two Dimensional Space','32704','33087','32640','33023','1','1','1','0','0','0','1','1','0','1','1','1','1','1'
'632','Brave Man\'s Sacred Place 1','32640','32959','32576','32895','1','1','1','0','0','0','1','1','0','1','1','1','1','1'
'666','지옥','32640','32831','32704','32895','1','1','1','0','0','1','0','1','1','1','1','1','1','1'
'701','Aden Hunting Ground','32576','33023','32512','32959','1','1','1','0','0','0','1','1','1','1','1','1','1','1'
'702',\N,'32640','32959','32576','32895','1','1','1','0','0','1','1','1','0','1','0','0','1','1'
'703',\N,'32640','32959','32576','32895','1','1','1','0','0','1','1','1','0','1','0','0','1','1'
'704',\N,'32640','32959','32576','32895','1','1','1','0','0','1','1','1','0','1','0','0','1','1'
'705',\N,'32640','32959','32576','32895','1','1','1','0','0','1','1','1','0','1','0','0','1','1'
'706',\N,'32640','32959','32576','32895','1','1','1','0','0','1','1','1','0','1','0','0','1','1'
'707',\N,'32640','32959','32576','32895','1','1','1','0','0','1','1','1','0','1','0','0','1','1'
'708',\N,'32640','32959','32576','32895','1','1','1','0','0','1','1','1','0','1','0','0','1','1'
'709',\N,'32640','32959','32576','32895','1','1','1','0','0','1','1','1','0','1','0','0','1','1'
'710',\N,'32640','32959','32576','32895','1','1','1','0','0','1','1','1','0','1','0','0','1','1'
'711',\N,'32640','32959','32576','32895','1','1','1','0','0','1','1','1','0','1','0','0','1','1'
'712',\N,'32640','32959','32576','32895','1','1','1','0','0','1','1','1','0','1','0','0','1','1'
'713',\N,'32640','32959','32576','32895','1','1','1','0','0','1','1','1','0','1','0','0','1','1'
'714',\N,'32640','32959','32576','32895','1','1','1','0','0','1','1','1','0','1','0','0','1','1'
'715',\N,'32640','32959','32576','32895','1','1','1','0','0','1','1','1','0','1','0','0','1','1'
'716',\N,'32640','32959','32576','32895','1','1','1','0','0','1','1','1','0','1','0','0','1','1'
'717',\N,'32640','32959','32576','32895','1','1','1','0','0','1','1','1','0','1','0','0','1','1'
'718',\N,'32640','32959','32576','32895','1','1','1','0','0','1','1','1','0','1','0','0','1','1'
'719',\N,'32640','32959','32576','32895','1','1','1','0','0','1','1','1','0','1','0','0','1','1'
'720',\N,'32640','32959','32576','32895','1','1','1','0','0','1','1','1','0','1','0','0','1','1'
'721',\N,'32640','32959','32576','32895','1','1','1','0','0','1','1','1','0','1','0','0','1','1'
'722',\N,'32640','32959','32576','32895','1','1','1','0','0','1','1','1','0','1','0','0','1','1'
'723',\N,'32640','32959','32576','32895','1','1','1','0','0','1','1','1','0','1','0','0','1','1'
'724',\N,'32640','32959','32576','32895','1','1','1','0','0','1','1','1','0','1','0','0','1','1'
'725',\N,'33472','33663','32576','32767','1','1','1','0','0','0','1','1','0','1','0','0','1','1'
'726',\N,'32640','32767','32832','32959','1','1','1','0','0','0','1','1','0','1','0','0','1','1'
'777','Land of Abandoned','32448','32831','32832','33151','1','1','1','0','0','1','1','1','1','1','1','1','1','1'
'778','Land of Abandoned','32640','32959','32576','33023','1','1','1','0','0','1','1','1','1','1','1','1','1','1'
'779','Land of Abandoned','32768','33023','32704','32895','1','1','1','1','0','1','1','1','1','1','1','1','1','1'
'780','Thebes Desert','32576','32831','32704','33087','1','1','1','0','0','1','1','1','1','1','1','1','1','1'
'781','Thebes Pyramid Inside','32704','33023','32704','32895','1','1','1','0','0','0','1','1','1','1','1','1','1','1'
'782','Thebes Osiris Altar','32704','32831','32768','32895','1','1','1','0','0','0','1','1','1','1','1','1','1','1'
'783','Tikal Ruin','32704','33343','32576','32959','1','1','1','0','0','1','1','1','0','1','0','0','1','1'
'784','Tikal Kukulcan Altar','32704','32831','32832','32895','1','1','1','0','0','1','1','1','0','1','0','0','1','1'
'785','데스 나이트의 수련장','32640','32959','32576','32895','1','1','1','0','0','0','1','1','1','1','1','1','1','1'
'786','데스 나이트의 비밀 수련장','32640','32959','32576','32895','1','1','1','0','0','0','1','1','1','1','1','1','1','1'
'787','데스 나이트의 수상한 수련장','32640','32959','32576','32895','1','1','1','0','0','0','1','1','1','1','1','1','1','1'
'788',\N,'32640','32959','32576','32895','1','1','1','0','0','0','1','1','1','1','1','1','1','1'
'789',\N,'32640','32959','32576','32895','1','1','1','0','0','0','1','1','1','1','1','1','1','1'
'997',\N,'32704','32767','32768','32831','1','1','1','0','0','0','0','0','0','0','1','1','1','1'
'998',\N,'32704','32767','32768','32831','1','1','1','0','0','0','0','0','0','0','1','1','1','1'
'1000','Silveria','32704','32895','32768','32959','1','1','1','0','1','1','1','1','1','1','1','1','1','1'
'1001','Behemoth','32704','32895','32768','32959','1','1','1','0','1','1','1','1','1','1','1','1','1','1'
'1002','Dwarven Village','32576','33087','32512','33023','1','1','1','0','0','0','1','1','0','1','0','0','1','1'
'1003',\N,'32640','32959','32704','32959','1','1','1','0','0','0','1','1','0','1','0','0','1','1'
'1004',\N,'32512','32959','32512','32895','1','1','1','0','0','0','1','1','0','1','0','0','1','1'
'1005','Dungeon Entrance of Antharas','32512','33023','32576','33023','1','1','1','0','0','0','1','1','0','0','0','0','1','1'
'1006','Dungeon Entrance of Antharas','32512','33023','32576','33023','1','1','1','0','0','0','1','1','0','0','0','0','1','1'
'1007','Dungeon Entrance of Antharas','32512','33023','32576','33023','1','1','1','0','0','0','1','1','0','0','0','0','1','1'
'1008','Dungeon Entrance of Antharas','32512','33023','32576','33023','1','1','1','0','0','0','1','1','0','0','0','0','1','1'
'1009','Dungeon Entrance of Antharas','32512','33023','32576','33023','1','1','1','0','0','0','1','1','0','0','0','0','1','1'
'1010','Dungeon Entrance of Antharas','32512','33023','32576','33023','1','1','1','0','0','0','1','1','0','0','0','0','1','1'
'1011','Dungeon Entrance of Fafurion','32640','33151','32448','32959','1','1','1','1','0','0','1','1','0','0','0','0','1','1'
'1012','Dungeon Entrance of Fafurion','32640','33151','32448','32959','1','1','1','1','0','0','1','1','0','0','0','0','1','1'
'1013','Dungeon Entrance of Fafurion','32640','33151','32448','32959','1','1','1','1','0','0','1','1','0','0','0','0','1','1'
'1014','Dungeon Entrance of Fafurion','32640','33151','32448','32959','1','1','1','1','0','0','1','1','0','0','0','0','1','1'
'1015','Dungeon Entrance of Fafurion','32640','33151','32448','32959','1','1','1','1','0','0','1','1','0','0','0','0','1','1'
'1016','Dungeon Entrance of Fafurion','32640','33151','32448','32959','1','1','1','1','0','0','1','1','0','0','0','0','1','1'
'1017','Dungeon Entrance of Lindvior','32512','33023','32768','33279','1','1','1','0','0','0','1','1','0','0','0','0','1','1'
'1018','Dungeon Entrance of Lindvior','32512','33023','32768','33279','1','1','1','0','0','0','1','1','0','0','0','0','1','1'
'1019','Dungeon Entrance of Lindvior','32512','33023','32768','33279','1','1','1','0','0','0','1','1','0','0','0','0','1','1'
'1020','Dungeon Entrance of Lindvior','32512','33023','32768','33279','1','1','1','0','0','0','1','1','0','0','0','0','1','1'
'1021','Dungeon Entrance of Lindvior','32512','33023','32768','33279','1','1','1','0','0','0','1','1','0','0','0','0','1','1'
'1022','Dungeon Entrance of Lindvior','32512','33023','32768','33279','1','1','1','0','0','0','1','1','0','0','0','0','1','1'
'2000','1F Palingenesis Sanctuary','32640','32959','32704','33023','1','1','1','0','0','0','1','1','1','1','1','1','1','1'
'2001','1F Palingenesis Sanctuary','32640','32959','32704','33023','1','1','1','0','0','0','1','1','1','1','1','1','1','1'
'2002','1F Palingenesis Sanctuary','32640','32959','32704','33023','1','1','1','0','0','0','1','1','1','1','1','1','1','1'
'2003','1F Palingenesis Sanctuary','32640','32959','32704','33023','1','1','1','0','0','0','1','1','1','1','1','1','1','1'
'2004','Goras','32640','32895','32768','32959','1','1','1','0','0','0','1','1','1','1','1','1','1','1'
'2005','Northern Valley(Beginners Zone)','32512','32895','32704','33087','1','1','1','0','0','1','1','0','0','0','0','0','1','1'
'2006','Playground of Metis','32704','32895','32768','32959','1','1','1','0','0','0','1','1','0','1','0','0','1','1'
'2007','추억의 슬라임','32512','32703','32640','32895','1','1','1','0','0','0','1','1','1','1','1','1','1','1'
'2010','폭풍 수련 영역 (Beginners Zone)','32576','33087','32512','32831','1','1','1','0','0','0','1','1','1','1','1','1','1','1'
'2011','폭풍 수련 영역 (Beginners Zone)','32576','33087','32512','32831','1','1','1','0','0','0','1','1','1','1','1','1','1','1'
'2100','Crystal Cavern Entrance','32768','32831','32768','32831','1','1','1','0','0','0','1','1','1','1','1','1','1','1'
'2101','Crystal Cavern','32704','32895','32768','32959','1','1','1','0','0','0','1','1','1','1','1','1','1','1'
'2151','Crystal Cavern','32704','32895','32768','32959','1','1','1','0','0','0','1','1','1','1','1','1','1','1'
'2201','신비의 얼음 수정 동굴 1F','32704','32895','32768','32959','1','1','1','0','0','0','1','1','1','1','1','1','1','1'
'2202','신비의 얼음 수정 동굴 2F','32704','32895','32768','32959','1','1','1','0','0','0','1','1','1','1','1','1','1','1'
'2203','신비의 얼음 수정 동굴 3F','32704','32895','32768','32959','1','1','1','0','0','0','1','1','1','1','1','1','1','1'
'5001',\N,'32704','32831','32704','32831','1','1','1','0','0','0','1','1','1','1','1','1','1','1'
'5002',\N,'32704','32831','32704','32831','1','1','1','0','0','0','1','1','1','1','1','1','1','1'
'5003',\N,'32704','32831','32704','32831','1','1','1','0','0','0','1','1','1','1','1','1','1','1'
'5004',\N,'32704','32831','32704','32831','1','1','1','0','0','0','1','1','1','1','1','1','1','1'
'5005',\N,'32704','32831','32704','32831','1','1','1','0','0','0','1','1','1','1','1','1','1','1'
'5006',\N,'32704','32831','32704','32831','1','1','1','0','0','0','1','1','1','1','1','1','1','1'
'5007',\N,'32704','32831','32704','32831','1','1','1','0','0','0','1','1','1','1','1','1','1','1'
'5008',\N,'32704','32831','32704','32831','1','1','1','0','0','0','1','1','1','1','1','1','1','1'
'5009',\N,'32704','32831','32704','32831','1','1','1','0','0','0','1','1','1','1','1','1','1','1'
'5010',\N,'32704','32831','32704','32831','1','1','1','0','0','0','1','1','1','1','1','1','1','1'
'5011',\N,'32704','32831','32704','32831','1','1','1','0','0','0','1','1','1','1','1','1','1','1'
'5012',\N,'32704','32831','32704','32831','1','1','1','0','0','0','1','1','1','1','1','1','1','1'
'5013',\N,'32704','32831','32704','32831','1','1','1','0','0','0','1','1','1','1','1','1','1','1'
'5014',\N,'32704','32831','32704','32831','1','1','1','0','0','0','1','1','1','1','1','1','1','1'
'5015',\N,'32704','32831','32704','32831','1','1','1','0','0','0','1','1','1','1','1','1','1','1'
'5016',\N,'32704','32831','32704','32831','1','1','1','0','0','0','1','1','1','1','1','1','1','1'
'5017',\N,'32704','32831','32704','32831','1','1','1','0','0','0','1','1','1','1','1','1','1','1'
'5018',\N,'32704','32831','32704','32831','1','1','1','0','0','0','1','1','1','1','1','1','1','1'
'5019',\N,'32704','32831','32704','32831','1','1','1','0','0','0','1','1','1','1','1','1','1','1'
'5020',\N,'32704','32831','32704','32831','1','1','1','0','0','0','1','1','1','1','1','1','1','1'
'5021',\N,'32704','32831','32704','32831','1','1','1','0','0','0','1','1','1','1','1','1','1','1'
'5022',\N,'32704','32831','32704','32831','1','1','1','0','0','0','1','1','1','1','1','1','1','1'
'5023',\N,'32704','32831','32704','32831','1','1','1','0','0','0','1','1','1','1','1','1','1','1'
'5024',\N,'32704','32831','32704','32831','1','1','1','0','0','0','1','1','1','1','1','1','1','1'
'5025',\N,'32704','32831','32704','32831','1','1','1','0','0','0','1','1','1','1','1','1','1','1'
'5026',\N,'32704','32831','32704','32831','1','1','1','0','0','0','1','1','1','1','1','1','1','1'
'5027',\N,'32704','32831','32704','32831','1','1','1','0','0','0','1','1','1','1','1','1','1','1'
'5028',\N,'32704','32831','32704','32831','1','1','1','0','0','0','1','1','1','1','1','1','1','1'
'5029',\N,'32704','32831','32704','32831','1','1','1','0','0','0','1','1','1','1','1','1','1','1'
'5030',\N,'32704','32831','32704','32831','1','1','1','0','0','0','1','1','1','1','1','1','1','1'
'5031',\N,'32704','32831','32704','32831','1','1','1','0','0','0','1','1','1','1','1','1','1','1'
'5032',\N,'32704','32831','32704','32831','1','1','1','0','0','0','1','1','1','1','1','1','1','1'
'5033',\N,'32704','32831','32704','32831','1','1','1','0','0','0','1','1','1','1','1','1','1','1'
'5034',\N,'32704','32831','32704','32831','1','1','1','0','0','0','1','1','1','1','1','1','1','1'
'5035',\N,'32704','32831','32704','32831','1','1','1','0','0','0','1','1','1','1','1','1','1','1'
'5036',\N,'32704','32831','32704','32831','1','1','1','0','0','0','1','1','1','1','1','1','1','1'
'5037',\N,'32704','32831','32704','32831','1','1','1','0','0','0','1','1','1','1','1','1','1','1'
'5038',\N,'32704','32831','32704','32831','1','1','1','0','0','0','1','1','1','1','1','1','1','1'
'5039',\N,'32704','32831','32704','32831','1','1','1','0','0','0','1','1','1','1','1','1','1','1'
'5040',\N,'32704','32831','32704','32831','1','1','1','0','0','0','1','1','1','1','1','1','1','1'
'5041',\N,'32704','32831','32704','32831','1','1','1','0','0','0','1','1','1','1','1','1','1','1'
'5042',\N,'32704','32831','32704','32831','1','1','1','0','0','0','1','1','1','1','1','1','1','1'
'5043',\N,'32704','32831','32704','32831','1','1','1','0','0','0','1','1','1','1','1','1','1','1'
'5044',\N,'32704','32831','32704','32831','1','1','1','0','0','0','1','1','1','1','1','1','1','1'
'5045',\N,'32704','32831','32704','32831','1','1','1','0','0','0','1','1','1','1','1','1','1','1'
'5046',\N,'32704','32831','32704','32831','1','1','1','0','0','0','1','1','1','1','1','1','1','1'
'5047',\N,'32704','32831','32704','32831','1','1','1','0','0','0','1','1','1','1','1','1','1','1'
'5048',\N,'32704','32831','32704','32831','1','1','1','0','0','0','1','1','1','1','1','1','1','1'
'5049',\N,'32704','32831','32704','32831','1','1','1','0','0','0','1','1','1','1','1','1','1','1'
'5050',\N,'32704','32831','32704','32831','1','1','1','0','0','0','1','1','1','1','1','1','1','1'
'5051',\N,'32704','32831','32704','32831','1','1','1','0','0','0','1','1','1','1','1','1','1','1'
'5052',\N,'32704','32831','32704','32831','1','1','1','0','0','0','1','1','1','1','1','1','1','1'
'5053',\N,'32704','32831','32704','32831','1','1','1','0','0','0','1','1','1','1','1','1','1','1'
'5054',\N,'32704','32831','32704','32831','1','1','1','0','0','0','1','1','1','1','1','1','1','1'
'5055',\N,'32704','32831','32704','32831','1','1','1','0','0','0','1','1','1','1','1','1','1','1'
'5056',\N,'32704','32831','32704','32831','1','1','1','0','0','0','1','1','1','1','1','1','1','1'
'5057',\N,'32704','32831','32704','32831','1','1','1','0','0','0','1','1','1','1','1','1','1','1'
'5058',\N,'32704','32831','32704','32831','1','1','1','0','0','0','1','1','1','1','1','1','1','1'
'5059',\N,'32704','32831','32704','32831','1','1','1','0','0','0','1','1','1','1','1','1','1','1'
'5060',\N,'32704','32831','32704','32831','1','1','1','0','0','0','1','1','1','1','1','1','1','1'
'5061',\N,'32704','32831','32704','32831','1','1','1','0','0','0','1','1','1','1','1','1','1','1'
'5062',\N,'32704','32831','32704','32831','1','1','1','0','0','0','1','1','1','1','1','1','1','1'
'5063',\N,'32704','32831','32704','32831','1','1','1','0','0','0','1','1','1','1','1','1','1','1'
'5064',\N,'32704','32831','32704','32831','1','1','1','0','0','0','1','1','1','1','1','1','1','1'
'5065',\N,'32704','32831','32704','32831','1','1','1','0','0','0','1','1','1','1','1','1','1','1'
'5066',\N,'32704','32831','32704','32831','1','1','1','0','0','0','1','1','1','1','1','1','1','1'
'5067',\N,'32704','32831','32704','32831','1','1','1','0','0','0','1','1','1','1','1','1','1','1'
'5068',\N,'32704','32831','32768','32895','1','1','1','0','0','0','1','1','1','1','1','1','1','1'
'5069',\N,'32704','32831','32768','32895','1','1','1','0','0','0','1','1','1','1','1','1','1','1'
'5070',\N,'32704','32831','32768','32895','1','1','1','0','0','0','1','1','1','1','1','1','1','1'
'5071',\N,'32704','32831','32768','32895','1','1','1','0','0','0','1','1','1','1','1','1','1','1'
'5072',\N,'32704','32831','32768','32895','1','1','1','0','0','0','1','1','1','1','1','1','1','1'
'5073',\N,'32704','32831','32768','32895','1','1','1','0','0','0','1','1','1','1','1','1','1','1'
'5074',\N,'32704','32831','32768','32895','1','1','1','0','0','0','1','1','1','1','1','1','1','1'
'5075',\N,'32704','32831','32768','32895','1','1','1','0','0','0','1','1','1','1','1','1','1','1'
'5076',\N,'32704','32831','32768','32895','1','1','1','0','0','0','1','1','1','1','1','1','1','1'
'5077',\N,'32704','32831','32768','32895','1','1','1','0','0','0','1','1','1','1','1','1','1','1'
'5078',\N,'32704','32831','32768','32895','1','1','1','0','0','0','1','1','1','1','1','1','1','1'
'5079',\N,'32704','32831','32768','32895','1','1','1','0','0','0','1','1','1','1','1','1','1','1'
'5080',\N,'32704','32831','32768','32895','1','1','1','0','0','0','1','1','1','1','1','1','1','1'
'5081',\N,'32704','32831','32768','32895','1','1','1','0','0','0','1','1','1','1','1','1','1','1'
'5082',\N,'32704','32831','32768','32895','1','1','1','0','0','0','1','1','1','1','1','1','1','1'
'5083',\N,'32704','32831','32768','32895','1','1','1','0','0','0','1','1','1','1','1','1','1','1'
'5084',\N,'32704','32831','32768','32895','1','1','1','0','0','0','1','1','1','1','1','1','1','1'
'5085',\N,'32704','32831','32768','32895','1','1','1','0','0','0','1','1','1','1','1','1','1','1'
'5086',\N,'32704','32831','32768','32895','1','1','1','0','0','0','1','1','1','1','1','1','1','1'
'5087',\N,'32704','32831','32768','32895','1','1','1','0','0','0','1','1','1','1','1','1','1','1'
'5088',\N,'32704','32831','32768','32895','1','1','1','0','0','0','1','1','1','1','1','1','1','1'
'5089',\N,'32704','32831','32768','32895','1','1','1','0','0','0','1','1','1','1','1','1','1','1'
'5090',\N,'32704','32831','32768','32895','1','1','1','0','0','0','1','1','1','1','1','1','1','1'
'5091',\N,'32704','32831','32768','32895','1','1','1','0','0','0','1','1','1','1','1','1','1','1'
'5092',\N,'32704','32831','32768','32895','1','1','1','0','0','0','1','1','1','1','1','1','1','1'
'5093',\N,'32704','32831','32768','32895','1','1','1','0','0','0','1','1','1','1','1','1','1','1'
'5094',\N,'32704','32831','32768','32895','1','1','1','0','0','0','1','1','1','1','1','1','1','1'
'5095',\N,'32704','32831','32768','32895','1','1','1','0','0','0','1','1','1','1','1','1','1','1'
'5096',\N,'32704','32831','32768','32895','1','1','1','0','0','0','1','1','1','1','1','1','1','1'
'5097',\N,'32704','32831','32768','32895','1','1','1','0','0','0','1','1','1','1','1','1','1','1'
'5098',\N,'32704','32831','32768','32895','1','1','1','0','0','0','1','1','1','1','1','1','1','1'
'5099',\N,'32704','32831','32768','32895','1','1','1','0','0','0','1','1','1','1','1','1','1','1'
'5100',\N,'32704','32831','32768','32895','1','1','1','0','0','0','1','1','1','1','1','1','1','1'
'5101',\N,'32704','32831','32768','32895','1','1','1','0','0','0','1','1','1','1','1','1','1','1'
'5102',\N,'32704','32831','32768','32895','1','1','1','0','0','0','1','1','1','1','1','1','1','1'
'5103',\N,'32704','32831','32768','32895','1','1','1','0','0','0','1','1','1','1','1','1','1','1'
'5104',\N,'32704','32831','32768','32895','1','1','1','0','0','0','1','1','1','1','1','1','1','1'
'5105',\N,'32704','32831','32768','32895','1','1','1','0','0','0','1','1','1','1','1','1','1','1'
'5106',\N,'32704','32831','32768','32895','1','1','1','0','0','0','1','1','1','1','1','1','1','1'
'5107',\N,'32704','32831','32768','32895','1','1','1','0','0','0','1','1','1','1','1','1','1','1'
'5108',\N,'32704','32831','32768','32895','1','1','1','0','0','0','1','1','1','1','1','1','1','1'
'5109',\N,'32704','32831','32768','32895','1','1','1','0','0','0','1','1','1','1','1','1','1','1'
'5110',\N,'32704','32831','32768','32895','1','1','1','0','0','0','1','1','1','1','1','1','1','1'
'5111',\N,'32704','32831','32768','32895','1','1','1','0','0','0','1','1','1','1','1','1','1','1'
'5112',\N,'32704','32831','32768','32895','1','1','1','0','0','0','1','1','1','1','1','1','1','1'
'5113',\N,'32704','32831','32768','32895','1','1','1','0','0','0','1','1','1','1','1','1','1','1'
'5114',\N,'32704','32831','32768','32895','1','1','1','0','0','0','1','1','1','1','1','1','1','1'
'5115',\N,'32704','32831','32768','32895','1','1','1','0','0','0','1','1','1','1','1','1','1','1'
'5116',\N,'32704','32831','32768','32895','1','1','1','0','0','0','1','1','1','1','1','1','1','1'
'5117',\N,'32704','32831','32768','32895','1','1','1','0','0','0','1','1','1','1','1','1','1','1'
'5118',\N,'32704','32831','32768','32895','1','1','1','0','0','0','1','1','1','1','1','1','1','1'
'5119',\N,'32704','32831','32768','32895','1','1','1','0','0','0','1','1','1','1','1','1','1','1'
'5120',\N,'32704','32831','32768','32895','1','1','1','0','0','0','1','1','1','1','1','1','1','1'
'5121',\N,'32704','32831','32768','32895','1','1','1','0','0','0','1','1','1','1','1','1','1','1'
'5122',\N,'32704','32831','32768','32895','1','1','1','0','0','0','1','1','1','1','1','1','1','1'
'5123',\N,'32704','32831','32768','32895','1','1','1','0','0','0','1','1','1','1','1','1','1','1'
'5124','낚시터','32704','32895','32704','32895','1','1','1','0','0','0','0','1','0','1','1','1','1','1'
'5125','펫매치 대전장','32768','32895','32768','32895','1','1','1','0','0','0','1','1','1','1','1','1','0','0'
'5126','펫매치 대전장','32768','32831','32832','32895','1','1','1','0','0','0','1','1','1','1','1','1','1','1'
'5127','펫매치 대전장','32768','32831','32832','32895','1','1','1','0','0','0','1','1','1','1','1','1','1','1'
'5128','펫매치 대전장','32768','32831','32832','32895','1','1','1','0','0','0','1','1','1','1','1','1','1','1'
'5129','펫매치 대전장','32768','32831','32832','32895','1','1','1','0','0','0','1','1','1','1','1','1','1','1'
'5130','펫매치 대전장','32768','32831','32832','32895','1','1','1','0','0','0','1','1','1','1','1','1','1','1'
'5131','펫매치 대전장','32768','32831','32832','32895','1','1','1','0','0','0','1','1','1','1','1','1','0','0'
'5132','펫매치 대전장','32768','32831','32832','32895','1','1','1','0','0','0','1','1','1','1','1','1','0','0'
'5133','펫매치 대전장','32768','32831','32832','32895','1','1','1','0','0','0','1','1','1','1','1','1','0','0'
'5134','펫매치 대전장','32768','32831','32832','32895','1','1','1','0','0','0','1','1','1','1','1','1','0','0'
'5140','Ghost house','32640','32959','32704','32959','1','1','1','0','0','0','1','1','1','1','1','1','0','0'
'5141','Ghost house','32640','32959','32704','32959','1','1','1','0','0','0','1','1','1','1','1','1','0','0'
'5142','Ghost house','32640','32959','32704','32959','1','1','1','0','0','0','1','1','1','1','1','1','0','0'
'5143','Pet race','32704','32831','32768','32895','1','1','1','0','0','0','0','0','0','0','0','0','0','0'
'5144','Pet race','32704','32831','32768','32895','1','1','1','0','0','0','1','1','0','1','0','0','1','1'
'5145','Pet race','32704','32831','32768','32895','1','1','1','0','0','0','1','1','0','1','0','0','1','1'
'5153',\N,'32576','32703','32832','32959','1','1','1','0','0','0','0','0','0','0','0','0','1','1'
'5154',\N,'32576','32703','32832','32959','1','1','1','0','0','0','1','1','1','1','1','1','1','1'
'5155',\N,'32576','32703','32832','32959','1','1','1','0','0','0','1','1','1','1','1','1','1','1'
'5156',\N,'32576','32703','32832','32959','1','1','1','0','0','0','1','1','1','1','1','1','1','1'
'5166','Place of Recollection','32704','32831','32768','32895','1','1','1','0','0','1','1','1','1','1','1','1','1','1'
'5167','DevilKing\'s Field','32512','32767','32704','32959','1','1','1','0','0','1','1','1','1','1','1','1','1','1'
'5168','DevilKing\'s Field','32512','32767','32704','32959','1','1','1','0','0','0','1','1','1','1','1','1','1','1'
'5169','DevilKing\'s Field','32512','32767','32704','32959','1','1','1','0','0','0','1','1','1','1','1','1','1','1'
'5170','DevilKing\'s Field','32512','32767','32704','32959','1','1','1','0','0','0','1','1','1','1','1','1','1','1'
'5171','DevilKing\'s Field','32512','32767','32704','32959','1','1','1','0','0','0','1','1','1','1','1','1','1','1'
'5172','DevilKing\'s Field','32512','32767','32704','32959','1','1','1','0','0','0','1','1','1','1','1','1','1','1'
'5173','DevilKing\'s Field','32512','32767','32704','32959','1','1','1','0','0','0','1','1','1','1','1','1','1','1'
'5174','DevilKing\'s Field','32512','32767','32704','32959','1','1','1','0','0','0','1','1','1','1','1','1','1','1'
'5175','DevilKing\'s Field','32512','32767','32704','32959','1','1','1','0','0','0','1','1','1','1','1','1','1','1'
'5176','DevilKing\'s Field','32512','32767','32704','32959','1','1','1','0','0','0','1','1','1','1','1','1','1','1'
'5177','DevilKing\'s Field','32512','32767','32704','32959','1','1','1','0','0','0','1','1','1','1','1','1','1','1'
'5178','DevilKing\'s Field','32512','32767','32704','32959','1','1','1','0','0','0','1','1','1','1','1','1','1','1'
'5179','DevilKing\'s Field','32512','32767','32704','32959','1','1','1','0','0','0','1','1','1','1','1','1','1','1'
'5180','DevilKing\'s Field','32512','32767','32704','32959','1','1','1','0','0','0','1','1','1','1','1','1','1','1'
'5181','DevilKing\'s Field','32512','32767','32704','32959','1','1','1','0','0','0','1','1','1','1','1','1','1','1'
'5182','DevilKing\'s Field','32512','32767','32704','32959','1','1','1','0','0','0','1','1','1','1','1','1','1','1'
'5183','DevilKing\'s Field','32512','32767','32704','32959','1','1','1','0','0','0','1','1','1','1','1','1','1','1'
'5184','DevilKing\'s Field','32512','32767','32704','32959','1','1','1','0','0','0','1','1','1','1','1','1','1','1'
'5185','DevilKing\'s Field','32512','32767','32704','32959','1','1','1','0','0','0','1','1','1','1','1','1','1','1'
'5186','DevilKing\'s Field','32512','32767','32704','32959','1','1','1','0','0','0','1','1','1','1','1','1','1','1'
'5187','DevilKing\'s Field','32512','32767','32704','32959','1','1','1','0','0','0','1','1','1','1','1','1','1','1'
'5188','DevilKing\'s Field','32512','32767','32704','32959','1','1','1','0','0','0','1','1','1','1','1','1','1','1'
'5189','DevilKing\'s Field','32512','32767','32704','32959','1','1','1','0','0','0','1','1','1','1','1','1','1','1'
'5190','DevilKing\'s Field','32512','32767','32704','32959','1','1','1','0','0','0','1','1','1','1','1','1','1','1'
'5191','Ivory Tower Underground Warehouse','32704','32895','32768','32959','1','1','1','0','0','0','1','1','1','1','1','1','1','1'
'5192','Ivory Tower Underground Warehouse','32704','32895','32768','32959','1','1','1','0','0','0','1','1','1','1','1','1','1','1'
'5193','Ivory Tower Underground Warehouse','32704','32895','32768','32959','1','1','1','0','0','0','1','1','1','1','1','1','1','1'
'5194','Ivory Tower Underground Warehouse','32704','32895','32768','32959','1','1','1','0','0','0','1','1','1','1','1','1','1','1'
'5195','Ivory Tower Underground Warehouse','32704','32895','32768','32959','1','1','1','0','0','0','1','1','1','1','1','1','1','1'
'5196','Ivory Tower Underground Warehouse','32704','32895','32768','32959','1','1','1','0','0','0','1','1','1','1','1','1','1','1'
'5197','Ivory Tower Underground Warehouse','32704','32895','32768','32959','1','1','1','0','0','0','1','1','1','1','1','1','1','1'
'5198','Ivory Tower Underground Warehouse','32704','32895','32768','32959','1','1','1','0','0','0','1','1','1','1','1','1','1','1'
'5199','Ivory Tower Underground Warehouse','32704','32895','32768','32959','1','1','1','0','0','0','1','1','1','1','1','1','1','1'
'5200',\N,'32704','32895','32768','32959','1','1','1','0','0','0','1','1','0','1','0','0','1','1'
'5300',\N,'32640','32895','32704','32959','1','1','1','0','0','1','1','0','0','1','0','0','1','1'
'5301',\N,'32640','32895','32704','32959','1','1','1','0','0','1','1','0','0','1','0','0','1','1'
'5302',\N,'32640','32895','32704','32959','1','1','1','0','0','1','0','0','0','1','0','0','1','1'
'5303',\N,'32704','32895','32768','32959','1','1','1','0','0','0','1','1','0','1','0','0','1','1'
'5384',\N,'32704','32895','32640','32831','1','1','1','0','0','0','1','1','0','1','0','0','1','1'
'5435',\N,'32704','32959','32704','32959','1','1','1','0','0','0','1','1','0','1','0','0','1','1'
'5501','Halloween event','32704','32959','32832','33087','1','1','1','0','0','0','1','1','0','1','0','0','1','1'
'5551','파스 교 집회장','32704','32959','32832','33087','1','1','1','0','0','0','1','1','1','1','1','1','1','1'
'5554','야히의 결혼식 장','32640','32895','32704','32959','1','1','1','0','0','0','1','1','1','1','1','1','1','1'
'6041',\N,'32768','32895','32768','32895','1','1','1','0','0','1','1','1','1','1','1','1','1','1'
'6201','발렌타인 데이 파티 장','32768','33151','32768','33151','1','1','1','0','0','0','1','1','1','1','1','1','1','1'
'6202','발렌타인 데이 파티 장','32768','33151','32768','33151','1','1','1','0','0','0','1','1','1','1','1','1','1','1'
'6203','발렌타인 데이 파티 장','32768','33151','32768','33151','1','1','1','0','0','0','1','1','1','1','1','1','1','1'
'7000',\N,'32640','32959','32576','32895','1','1','1','0','0','1','1','1','1','1','1','1','1','1'
'7001','Submarine Volcano','32640','32831','32704','32895','1','1','1','0','0','1','1','1','1','1','1','1','1','1'
'7002','Sanctuary of Farthest (1)','32512','32767','32512','32767','1','1','1','0','0','1','1','1','1','1','1','1','1','1'
'7003','Sanctuary of Farthest (2)','32512','32767','32512','32767','1','1','1','0','0','1','1','1','1','1','1','1','1','1'
'7004','Sanctuary of Farthest (3)','32512','32767','32512','32767','1','1','1','0','0','1','1','1','1','1','1','1','1','1'
'7005','Sanctuary of Farthest (4)','32512','32767','32512','32767','1','1','1','0','0','1','1','1','1','1','1','1','1','1'
'7006','Sanctuary of Farthest (5)','32512','32767','32512','32767','1','1','1','0','0','1','1','1','1','1','1','1','1','1'
'7007','Wasteland of Farthest (1)','32704','32895','32768','32959','1','1','1','0','0','1','1','1','1','1','1','1','1','1'
'7008','Wasteland of Farthest (2)','32704','32895','32768','32959','1','1','1','0','0','1','1','1','1','1','1','1','1','1'
'7009','Wasteland of Farthest (3)','32704','32895','32768','32959','1','1','1','0','0','1','1','1','1','1','1','1','1','1'
'7010','Wasteland of Farthest (4)','32704','32895','32768','32959','1','1','1','0','0','1','1','1','1','1','1','1','1','1'
'7011','Wasteland of Farthest (5)','32704','32895','32768','32959','1','1','1','0','0','1','1','1','1','1','1','1','1','1'
'7012','Floating Island of Farthest','32704','32831','32768','32895','1','1','1','0','0','1','1','1','1','1','1','1','1','1'
'7013','Ice Country2','32640','32959','32576','32895','1','1','1','0','0','1','1','1','1','1','1','1','1','1'
'7014','Ice Country3','32640','32959','32576','32895','1','1','1','0','0','1','1','1','1','1','1','1','1','1'
'7015','Fire Country2','32512','32831','32704','33023','1','1','1','0','0','1','1','1','1','1','1','1','1','1'
'7016','Fire Country3','32512','32831','32704','33023','1','1','1','0','0','1','1','1','1','1','1','1','1','1'
'7017','Ice Country Central2','32704','32831','32832','32959','1','1','1','0','0','1','1','1','1','1','1','1','1','1'
'7018','Ice Country Central3','32704','32831','32832','32959','1','1','1','0','0','1','1','1','1','1','1','1','1','1'
'7051','숨겨진 요정 마을','32640','32959','32576','32895','1','1','1','0','0','1','1','1','1','1','1','1','1','1'
'7052','숨겨진 요정 숲(2)','32640','32959','32576','32895','1','1','1','0','0','1','1','1','1','1','1','1','1','1'
'7053','숨겨진 요정 숲(3)','32640','32959','32576','32895','1','1','1','0','0','1','1','1','1','1','1','1','1','1'
'7054','숨겨진 요정 숲(4)','32640','32959','32576','32895','1','1','1','0','0','1','1','1','1','1','1','1','1','1'
'7055','Depth of Forest','32640','32959','32576','32895','1','1','1','0','0','1','1','1','1','1','1','1','1','1'
'7056','Unidentified Dimension','32576','32895','32704','33023','1','1','1','0','0','0','1','1','1','1','1','1','1','1'
'7057','여름 휴가지','32704','32831','32768','32959','1','1','1','0','0','1','1','1','1','1','1','1','1','1'
'7058','Island of black goat(1)','32576','33023','32640','33087','1','1','1','0','0','0','0','1','1','1','1','1','1','1'
'7059','Island of black goat(2)','32576','33023','32640','33087','1','1','1','0','0','0','0','1','1','1','1','1','1','1'
'7060',\N,'32576','33023','32512','32959','1','1','1','0','0','1','1','1','0','1','0','0','1','1'
'7061',\N,'32576','33023','32512','32959','1','1','1','0','0','1','1','1','0','1','0','0','1','1'
'7062',\N,'32576','33023','32512','32959','1','1','1','0','0','1','1','1','0','1','0','0','1','1'
'7063',\N,'32576','33023','32512','32959','1','1','1','0','0','1','1','1','0','1','0','0','1','1'
'7064',\N,'32576','33023','32512','32959','1','1','1','0','0','1','1','1','0','1','0','0','1','1'
'7065',\N,'32576','33023','32512','32959','1','1','1','0','0','1','1','1','0','1','0','0','1','1'
'7066',\N,'32576','33023','32512','32959','1','1','1','0','0','1','1','1','0','1','0','0','1','1'
'7067',\N,'32576','33023','32512','32959','1','1','1','0','0','1','1','1','0','1','0','0','1','1'
'7068',\N,'32576','33023','32512','32959','1','1','1','0','0','1','1','1','0','1','0','0','1','1'
'7069',\N,'32576','33023','32512','32959','1','1','1','0','0','1','1','1','0','1','0','0','1','1'
'7070',\N,'32576','33023','32512','32959','1','1','1','0','0','1','1','1','0','1','0','0','1','1'
'7071',\N,'32576','33023','32512','32959','1','1','1','0','0','1','1','1','0','1','0','0','1','1'
'7072',\N,'32576','33023','32512','32959','1','1','1','0','0','1','1','1','0','1','0','0','1','1'
'7073',\N,'32576','33023','32512','32959','1','1','1','0','0','1','1','1','0','1','0','0','1','1'
'7074',\N,'32576','33023','32512','32959','1','1','1','0','0','1','1','1','0','1','0','0','1','1'
'7075',\N,'32576','33023','32512','32959','1','1','1','0','0','1','1','1','0','1','0','0','1','1'
'7076',\N,'32576','33023','32512','32959','1','1','1','0','0','1','1','1','0','1','0','0','1','1'
'7077',\N,'32576','33023','32512','32959','1','1','1','0','0','1','1','1','0','1','0','0','1','1'
'7078',\N,'32576','33023','32512','32959','1','1','1','0','0','1','1','1','0','1','0','0','1','1'
'7079',\N,'32576','33023','32512','32959','1','1','1','0','0','1','1','1','0','1','0','0','1','1'
'7080',\N,'32576','33023','32512','32959','1','1','1','0','0','1','1','1','0','1','0','0','1','1'
'7100','Halloween event','32704','32959','32832','33087','1','1','1','0','0','1','1','1','0','1','0','0','1','1'
'7101','Halloween event','32704','32959','32832','33087','1','1','1','0','0','1','1','1','1','1','1','1','1','1'
'7102','Halloween event','32704','32959','32832','33087','1','1','1','0','0','1','1','1','1','1','1','1','1','1'
'7103','Halloween event','32704','32959','32832','33087','1','1','1','0','0','1','1','1','1','1','1','1','1','1'
'7104','Halloween event','32704','32959','32832','33087','1','1','1','0','0','1','1','1','1','1','1','1','1','1'
'7105','Halloween event','32704','32959','32832','33087','1','1','1','0','0','1','1','1','1','1','1','1','1','1'
'7106','Halloween event','32704','32959','32832','33087','1','1','1','0','0','1','1','1','1','1','1','1','1','1'
'7107','Halloween event','32704','32959','32832','33087','1','1','1','0','0','1','1','1','1','1','1','1','1','1'
'7108','Halloween event','32704','32959','32832','33087','1','1','1','0','0','1','1','1','1','1','1','1','1','1'
'7109','Halloween event','32704','32959','32832','33087','1','1','1','0','0','1','1','1','1','1','1','1','1','1'
'7701',\N,'32576','33023','32640','33087','1','1','1','0','0','0','1','1','1','1','1','1','1','1'
'7771',\N,'32448','32831','32832','33151','1','1','1','0','0','0','1','1','1','1','1','1','1','1'
'7781','Air Temple of Fairies','32576','32959','32576','32959','1','1','1','0','0','0','1','1','1','1','1','1','1','1'
'7782','Air Temple of Fairies','32576','32959','32576','32959','1','1','1','0','0','0','1','1','1','1','1','1','1','1'
'8000','惣構え','32768','32959','32704','32959','1','1','1','0','0','0','1','1','1','1','1','1','1','1'
'8011','Singing Island','32768','32895','32768','32895','1','1','1','0','0','0','1','1','0','1','0','0','1','1'
'8012','Singing Island West Area','32704','32895','32704','32895','1','1','1','0','0','0','1','1','0','1','0','0','1','1'
'8013','Doromond\'s Room','32704','32767','32768','32831','1','1','1','0','0','0','1','1','0','1','0','0','1','1'
'8014','Training Room','32704','32767','32704','32831','1','1','1','0','0','0','1','1','0','1','0','0','1','1'
'8015','Singing Island North Area','32704','32831','32704','32831','1','1','1','0','0','0','1','1','0','1','0','0','1','1'
'8104',\N,'33024','33215','32640','32831','1','1','1','0','0','1','1','1','1','1','1','1','1','1'
'8105',\N,'33024','33215','32640','32831','1','1','1','0','0','1','1','1','1','1','1','1','1','1'
'8106',\N,'33024','33215','32640','32831','1','1','1','0','0','1','1','1','1','1','1','1','1','1'
'8116',\N,'32576','32639','32704','32831','1','1','1','0','0','1','1','1','1','1','1','1','1','1'
'8117',\N,'32576','32639','32704','32831','1','1','1','0','0','1','1','1','1','1','1','1','1','1'
'8118',\N,'32576','32639','32704','32831','1','1','1','0','0','1','1','1','1','1','1','1','1','1'
'9000','Secret Research Lab of The Past','32576','32895','32640','33023','1','1','1','0','0','0','0','0','0','1','0','0','1','1'
'9100','Ivory Tower Secret Research Lab - Hardin','32704','32767','32832','32895','1','1','1','0','0','1','1','1','1','1','1','1','1','1'
'9101',\N,'32640','32831','32768','32895','1','1','1','0','0','0','1','1','0','1','0','0','1','1'
'9202','Ivory Tower Secret Research Lab - Orim','32704','32767','32832','32895','1','1','1','0','0','0','1','1','0','1','0','0','1','1'
'16384','Inn','32704','32767','32768','32831','1','1','1','0','0','0','1','1','0','1','0','0','1','1'
'16896','Inn','32704','32767','32768','32831','1','1','1','0','0','0','1','1','0','1','1','0','1','1'
'17408','Inn','32704','32767','32768','32831','1','1','1','0','0','0','1','1','0','1','0','0','1','1'
'17920','Inn','32704','32767','32768','32831','1','1','1','0','0','0','0','0','0','1','0','0','1','1'
'18432','Inn','32704','32767','32768','32831','1','1','1','0','0','0','1','1','0','1','0','0','1','1'
'18944','Inn','32704','32767','32768','32831','1','1','1','0','0','0','1','1','0','1','0','0','1','1'
'19456','Inn','32704','32767','32768','32831','1','1','1','0','0','0','1','1','0','1','0','0','1','1'
'19968','Inn','32704','32767','32768','32831','1','1','1','0','0','0','1','1','0','1','0','0','1','1'
'20480','Inn','32704','32767','32768','32831','1','1','1','0','0','0','1','1','0','1','0','0','1','1'
'20992','Inn','32704','32767','32768','32831','1','1','1','0','0','0','1','1','0','1','0','0','1','1'
'21504','Inn','32704','32767','32768','32831','1','1','1','0','0','0','1','1','0','1','0','0','1','1'
'22016','Inn','32704','32767','32768','32831','1','1','1','0','0','0','1','1','0','1','0','0','1','1'
'22528','Inn','32704','32767','32768','32831','1','1','1','0','0','0','1','1','0','1','0','0','1','1'
'23040','Inn','32704','32767','32768','32831','1','1','1','0','0','0','1','1','0','1','0','0','1','1'
'23552','Inn','32704','32767','32768','32831','1','1','1','0','0','0','1','1','0','1','0','0','1','1'
'24064','Inn','32704','32767','32768','32831','1','1','1','0','0','0','1','1','0','1','0','0','1','1'
'24576','Inn','32704','32767','32768','32831','1','1','1','0','0','0','1','1','0','1','0','0','1','1'
'25088','Inn','32704','32767','32768','32831','1','1','1','0','0','0','1','1','0','1','0','0','1','1'
